customer_id,customer_name,segment,region,city,last_purchase_date,days_since_last_purchase
1,ahmed ali,consumer,north america,unknown,,
2,ahmed anderson,home office,asia pacific,unknown,,
3,ahmed clark,consumer,north america,unknown,,
4,ahmed clark,corporate,asia pacific,unknown,,
6,ahmed dubois,consumer,europe,unknown,,
5,ahmed dubois,consumer,north america,unknown,,
7,ahmed garcia,corporate,middle east & africa,unknown,,
8,ahmed harris,consumer,south america,unknown,,
9,ahmed hassan,corporate,north america,unknown,,
11,ahmed jackson,consumer,south america,unknown,,
10,ahmed jackson,corporate,middle east & africa,unknown,,
12,ahmed johansson,corporate,europe,unknown,,
13,ahmed johnson,corporate,europe,unknown,,
14,ahmed pereira,consumer,asia pacific,unknown,,
15,ahmed rodriguez,home office,middle east & africa,unknown,,
16,ahmed russo,consumer,asia pacific,unknown,,
17,ahmed santos,home office,asia pacific,unknown,,
18,ahmed sharma,consumer,asia pacific,unknown,,
19,ahmed sharma,home office,north america,unknown,,
21,ahmed singh,corporate,north america,unknown,,
20,ahmed singh,home office,europe,unknown,,
22,ahmed smith,consumer,north america,unknown,,
23,ahmed tanaka,corporate,north america,unknown,,
24,ahmed taylor,consumer,south america,unknown,,
25,ahmed taylor,home office,asia pacific,unknown,,
26,ahmed thompson,consumer,europe,unknown,,
27,ahmed weber,corporate,asia pacific,unknown,,
28,ahmed zhang,corporate,north america,unknown,,
29,ali dubois,corporate,asia pacific,unknown,,
30,ali harris,consumer,north america,unknown,,
31,ali hassan,home office,north america,unknown,,
32,ali jackson,consumer,middle east & africa,unknown,,
33,ali johansson,corporate,north america,unknown,,
34,ali johansson,home office,middle east & africa,unknown,,
35,ali johnson,corporate,north america,unknown,,
37,ali jones,consumer,europe,unknown,,
36,ali jones,consumer,north america,unknown,,
38,ali kim,home office,europe,unknown,,
39,ali leroy,consumer,asia pacific,unknown,,
40,ali li,corporate,europe,unknown,,
42,ali miller,consumer,north america,unknown,,
41,ali miller,home office,north america,unknown,,
43,ali müller,consumer,asia pacific,unknown,,
44,ali oliveira,consumer,north america,unknown,,
45,ali patel,consumer,middle east & africa,unknown,,
46,ali rodriguez,consumer,middle east & africa,unknown,,
47,ali romano,corporate,asia pacific,unknown,,
48,ali sato,corporate,north america,unknown,,
49,ali taylor,consumer,north america,unknown,,
50,ali thomas,consumer,asia pacific,unknown,,
51,ali wang,consumer,asia pacific,unknown,,
52,ali weber,corporate,asia pacific,unknown,,
54,ali yamamoto,consumer,asia pacific,unknown,,
53,ali yamamoto,consumer,south america,unknown,,
55,amina ali,consumer,north america,unknown,,
56,amina anderson,corporate,asia pacific,unknown,,
57,amina clark,consumer,europe,unknown,,
58,amina clark,home office,north america,unknown,,
59,amina harris,consumer,north america,unknown,,
60,amina harris,corporate,asia pacific,unknown,,
61,amina johansson,consumer,europe,unknown,,
62,amina johansson,corporate,europe,unknown,,
63,amina jones,consumer,north america,unknown,,
64,amina khan,corporate,asia pacific,unknown,,
65,amina nilsson,consumer,asia pacific,unknown,,
66,amina romano,corporate,middle east & africa,unknown,,
67,amina russo,corporate,asia pacific,unknown,,
68,amina sharma,consumer,north america,unknown,,
69,amina singh,consumer,north america,unknown,,
70,amina smith,consumer,north america,unknown,,
71,amina tanaka,consumer,north america,unknown,,
73,amina taylor,consumer,asia pacific,unknown,,
74,amina taylor,home office,europe,unknown,,
72,amina taylor,home office,middle east & africa,unknown,,
75,amina thomas,consumer,north america,unknown,,
76,amina wang,consumer,north america,unknown,,
77,amir ali,consumer,asia pacific,unknown,,
78,amir ali,consumer,europe,unknown,,
79,amir anderson,corporate,europe,unknown,,
80,amir chen,consumer,north america,unknown,,
81,amir dubois,home office,north america,unknown,,
82,amir ferrari,corporate,south america,unknown,,
83,amir garcia,corporate,europe,unknown,,
84,amir hassan,consumer,north america,unknown,,
85,amir johansson,consumer,asia pacific,unknown,,
86,amir khan,consumer,asia pacific,unknown,,
87,amir moreau,home office,asia pacific,unknown,,
88,amir park,consumer,middle east & africa,unknown,,
89,amir rodriguez,consumer,middle east & africa,unknown,,
90,amir singh,corporate,north america,unknown,,
91,amir smith,home office,north america,unknown,,
92,amir tanaka,home office,asia pacific,unknown,,
93,amir taylor,consumer,europe,unknown,,
95,amir thompson,corporate,middle east & africa,unknown,,
94,amir thompson,corporate,south america,unknown,,
96,amir wang,consumer,north america,unknown,,
97,amir williams,consumer,north america,unknown,,
98,amir yamamoto,consumer,europe,unknown,,
99,amir yamamoto,home office,north america,unknown,,
100,ava clark,consumer,europe,unknown,,
101,ava clark,corporate,middle east & africa,unknown,,
102,ava ferrari,home office,south america,unknown,,
104,ava fischer,consumer,north america,unknown,,
103,ava fischer,corporate,asia pacific,unknown,,
105,ava garcia,consumer,north america,unknown,,
106,ava harris,consumer,europe,unknown,,
107,ava jones,consumer,asia pacific,unknown,,
108,ava laurent,corporate,north america,unknown,,
109,ava li,corporate,south america,unknown,,
110,ava martinez,corporate,middle east & africa,unknown,,
111,ava miller,consumer,asia pacific,unknown,,
112,ava oliveira,consumer,europe,unknown,,
113,ava patel,home office,middle east & africa,unknown,,
114,ava rodriguez,corporate,europe,unknown,,
115,ava rossi,consumer,europe,unknown,,
116,ava rossi,corporate,asia pacific,unknown,,
118,ava yamamoto,consumer,north america,unknown,,
117,ava yamamoto,corporate,asia pacific,unknown,,
119,ayumi ali,corporate,europe,unknown,,
120,ayumi clark,home office,north america,unknown,,
121,ayumi ferrari,home office,middle east & africa,unknown,,
122,ayumi garcia,consumer,north america,unknown,,
123,ayumi garcia,corporate,north america,unknown,,
125,ayumi harris,consumer,europe,unknown,,
124,ayumi harris,consumer,north america,unknown,,
126,ayumi johnson,consumer,north america,unknown,,
127,ayumi khan,consumer,north america,unknown,,
128,ayumi kumar,corporate,north america,unknown,,
129,ayumi laurent,consumer,south america,unknown,,
130,ayumi martin,consumer,middle east & africa,unknown,,
131,ayumi martinez,consumer,middle east & africa,unknown,,
132,ayumi miller,corporate,asia pacific,unknown,,
133,ayumi moreau,consumer,europe,unknown,,
134,ayumi nilsson,home office,middle east & africa,unknown,,
135,ayumi pereira,consumer,north america,unknown,,
137,ayumi robinson,corporate,asia pacific,unknown,,
136,ayumi robinson,corporate,north america,unknown,,
138,ayumi romano,consumer,north america,unknown,,
139,ayumi russo,consumer,europe,unknown,,
140,ayumi singh,consumer,europe,unknown,,
141,ayumi smith,consumer,asia pacific,unknown,,
142,ayumi suzuki,corporate,asia pacific,unknown,,
143,ayumi suzuki,corporate,south america,unknown,,
144,ayumi tanaka,corporate,asia pacific,unknown,,
145,ayumi tanaka,corporate,south america,unknown,,
146,ayumi taylor,home office,europe,unknown,,
147,ayumi thomas,consumer,middle east & africa,unknown,,
148,ayumi white,corporate,europe,unknown,,
149,ayumi white,corporate,north america,unknown,,
150,barbara ali,consumer,south america,unknown,,
152,barbara ali,corporate,asia pacific,unknown,,
151,barbara ali,home office,asia pacific,unknown,,
153,barbara davis,consumer,europe,unknown,,
154,barbara davis,home office,europe,unknown,,
155,barbara davis,home office,north america,unknown,,
156,barbara dubois,corporate,north america,unknown,,
157,barbara fischer,corporate,asia pacific,unknown,,
158,barbara hassan,consumer,asia pacific,unknown,,
159,barbara johnson,corporate,asia pacific,unknown,,
161,barbara jones,consumer,europe,unknown,,
160,barbara jones,consumer,north america,unknown,,
162,barbara khan,consumer,north america,unknown,,
163,barbara leroy,home office,north america,unknown,,
164,barbara miller,consumer,asia pacific,unknown,,
165,barbara moreau,home office,middle east & africa,unknown,,
166,barbara nilsson,corporate,asia pacific,unknown,,
167,barbara robinson,consumer,north america,unknown,,
168,barbara rossi,home office,asia pacific,unknown,,
169,barbara russo,corporate,europe,unknown,,
170,barbara sato,consumer,north america,unknown,,
171,barbara sharma,corporate,europe,unknown,,
172,barbara sharma,corporate,north america,unknown,,
173,barbara singh,consumer,north america,unknown,,
175,barbara weber,corporate,middle east & africa,unknown,,
174,barbara weber,home office,europe,unknown,,
176,barbara white,consumer,asia pacific,unknown,,
177,barbara williams,corporate,north america,unknown,,
178,carlos ahmed,consumer,north america,unknown,,
180,carlos ali,consumer,asia pacific,unknown,,
179,carlos ali,consumer,north america,unknown,,
181,carlos anderson,home office,middle east & africa,unknown,,
182,carlos davis,home office,asia pacific,unknown,,
183,carlos dubois,consumer,south america,unknown,,
184,carlos ferrari,home office,north america,unknown,,
185,carlos jackson,corporate,middle east & africa,unknown,,
186,carlos jones,home office,north america,unknown,,
187,carlos martinez,consumer,south america,unknown,,
188,carlos patel,corporate,middle east & africa,unknown,,
189,carlos robinson,corporate,south america,unknown,,
190,carlos rodriguez,consumer,middle east & africa,unknown,,
191,carlos rodriguez,corporate,south america,unknown,,
192,carlos santos,corporate,middle east & africa,unknown,,
193,carlos schmidt,corporate,europe,unknown,,
194,carlos schmidt,home office,europe,unknown,,
197,carlos sharma,consumer,north america,unknown,,
196,carlos sharma,corporate,asia pacific,unknown,,
195,carlos sharma,corporate,north america,unknown,,
198,carlos smith,home office,north america,unknown,,
200,carlos thomas,consumer,europe,unknown,,
199,carlos thomas,home office,north america,unknown,,
201,carlos thompson,consumer,south america,unknown,,
202,carlos wang,corporate,north america,unknown,,
203,carlos yamamoto,consumer,north america,unknown,,
204,chen ali,corporate,south america,unknown,,
205,chen anderson,corporate,north america,unknown,,
206,chen chen,consumer,asia pacific,unknown,,
207,chen dubois,corporate,europe,unknown,,
208,chen garcia,consumer,asia pacific,unknown,,
209,chen johansson,corporate,south america,unknown,,
210,chen johnson,consumer,middle east & africa,unknown,,
211,chen khan,corporate,north america,unknown,,
212,chen laurent,consumer,north america,unknown,,
213,chen martin,consumer,europe,unknown,,
214,chen martinez,consumer,asia pacific,unknown,,
215,chen miller,consumer,europe,unknown,,
216,chen nilsson,home office,europe,unknown,,
218,chen patel,corporate,middle east & africa,unknown,,
217,chen patel,home office,asia pacific,unknown,,
219,chen patel,home office,north america,unknown,,
220,chen rodriguez,home office,europe,unknown,,
222,chen romano,consumer,asia pacific,unknown,,
221,chen romano,home office,europe,unknown,,
223,chen rossi,corporate,north america,unknown,,
224,chen rossi,home office,north america,unknown,,
225,chen santos,corporate,asia pacific,unknown,,
226,chen santos,corporate,north america,unknown,,
227,chen singh,consumer,asia pacific,unknown,,
228,chen smith,corporate,europe,unknown,,
229,chen tanaka,corporate,asia pacific,unknown,,
230,chen tanaka,home office,asia pacific,unknown,,
231,chen taylor,home office,asia pacific,unknown,,
232,chen thompson,consumer,north america,unknown,,
233,chen thompson,consumer,south america,unknown,,
234,christopher ahmed,corporate,north america,unknown,,
235,christopher brown,corporate,north america,unknown,,
236,christopher chen,consumer,asia pacific,unknown,,
237,christopher clark,corporate,south america,unknown,,
238,christopher davis,consumer,asia pacific,unknown,,
239,christopher fischer,consumer,europe,unknown,,
240,christopher harris,consumer,asia pacific,unknown,,
241,christopher harris,corporate,europe,unknown,,
242,christopher jackson,consumer,asia pacific,unknown,,
243,christopher jones,consumer,north america,unknown,,
244,christopher khan,consumer,asia pacific,unknown,,
245,christopher khan,home office,europe,unknown,,
246,christopher leroy,corporate,europe,unknown,,
247,christopher martinez,consumer,asia pacific,unknown,,
248,christopher miller,consumer,asia pacific,unknown,,
249,christopher müller,consumer,north america,unknown,,
250,christopher park,consumer,europe,unknown,,
251,christopher robinson,consumer,asia pacific,unknown,,
252,christopher rodriguez,consumer,europe,unknown,,
253,christopher rossi,corporate,asia pacific,unknown,,
254,christopher schmidt,consumer,north america,unknown,,
255,christopher tanaka,home office,middle east & africa,unknown,,
256,christopher taylor,consumer,north america,unknown,,
257,christopher thompson,consumer,asia pacific,unknown,,
258,christopher williams,home office,asia pacific,unknown,,
259,clara ali,consumer,north america,unknown,,
260,clara brown,home office,europe,unknown,,
261,clara clark,home office,north america,unknown,,
262,clara costa,corporate,europe,unknown,,
263,clara dubois,corporate,asia pacific,unknown,,
264,clara fischer,corporate,north america,unknown,,
265,clara garcia,consumer,asia pacific,unknown,,
266,clara garcia,consumer,north america,unknown,,
268,clara hassan,consumer,asia pacific,unknown,,
267,clara hassan,corporate,europe,unknown,,
269,clara jackson,consumer,asia pacific,unknown,,
270,clara johnson,consumer,asia pacific,unknown,,
271,clara laurent,corporate,north america,unknown,,
272,clara leroy,consumer,asia pacific,unknown,,
273,clara martin,consumer,north america,unknown,,
274,clara martinez,home office,north america,unknown,,
276,clara miller,consumer,europe,unknown,,
275,clara miller,consumer,north america,unknown,,
277,clara moreau,corporate,north america,unknown,,
278,clara nilsson,consumer,asia pacific,unknown,,
279,clara oliveira,consumer,north america,unknown,,
280,clara robinson,consumer,europe,unknown,,
281,clara robinson,home office,europe,unknown,,
282,clara rodriguez,corporate,north america,unknown,,
284,clara romano,consumer,asia pacific,unknown,,
283,clara romano,consumer,europe,unknown,,
285,clara santos,corporate,north america,unknown,,
286,clara sato,home office,asia pacific,unknown,,
287,clara schmidt,corporate,south america,unknown,,
288,clara sharma,consumer,middle east & africa,unknown,,
289,clara singh,consumer,asia pacific,unknown,,
290,clara smith,corporate,south america,unknown,,
291,clara tanaka,corporate,middle east & africa,unknown,,
292,clara tanaka,corporate,north america,unknown,,
293,clara taylor,corporate,europe,unknown,,
294,clara williams,consumer,south america,unknown,,
295,david anderson,consumer,middle east & africa,unknown,,
296,david chen,corporate,south america,unknown,,
297,david clark,consumer,europe,unknown,,
298,david harris,corporate,europe,unknown,,
299,david kumar,consumer,europe,unknown,,
300,david laurent,consumer,north america,unknown,,
301,david leroy,corporate,middle east & africa,unknown,,
302,david nilsson,consumer,asia pacific,unknown,,
303,david park,consumer,middle east & africa,unknown,,
304,david rodriguez,consumer,asia pacific,unknown,,
305,david schmidt,consumer,europe,unknown,,
306,david smith,consumer,middle east & africa,unknown,,
308,david smith,corporate,europe,unknown,,
307,david smith,corporate,north america,unknown,,
309,david suzuki,consumer,middle east & africa,unknown,,
310,david thompson,consumer,europe,unknown,,
311,david white,home office,north america,unknown,,
312,david williams,consumer,north america,unknown,,
313,diego anderson,consumer,middle east & africa,unknown,,
314,diego davis,corporate,europe,unknown,,
315,diego ferrari,corporate,europe,unknown,,
316,diego harris,consumer,europe,unknown,,
317,diego hassan,consumer,europe,unknown,,
318,diego jackson,corporate,asia pacific,unknown,,
320,diego johansson,consumer,asia pacific,unknown,,
319,diego johansson,consumer,middle east & africa,unknown,,
321,diego jones,corporate,asia pacific,unknown,,
322,diego kim,consumer,europe,unknown,,
323,diego kim,home office,europe,unknown,,
324,diego li,consumer,europe,unknown,,
325,diego miller,consumer,europe,unknown,,
326,diego miller,home office,asia pacific,unknown,,
327,diego nilsson,consumer,europe,unknown,,
328,diego pereira,home office,middle east & africa,unknown,,
329,diego robinson,corporate,asia pacific,unknown,,
330,diego rossi,corporate,north america,unknown,,
331,diego schmidt,consumer,middle east & africa,unknown,,
332,diego schmidt,corporate,middle east & africa,unknown,,
333,diego sharma,corporate,europe,unknown,,
334,diego suzuki,corporate,north america,unknown,,
336,diego thomas,consumer,middle east & africa,unknown,,
335,diego thomas,consumer,north america,unknown,,
337,diego weber,home office,europe,unknown,,
338,diego williams,consumer,asia pacific,unknown,,
339,elizabeth ahmed,corporate,south america,unknown,,
340,elizabeth chen,home office,north america,unknown,,
341,elizabeth dubois,consumer,asia pacific,unknown,,
342,elizabeth fischer,corporate,north america,unknown,,
343,elizabeth fischer,home office,europe,unknown,,
344,elizabeth garcia,home office,asia pacific,unknown,,
346,elizabeth harris,corporate,north america,unknown,,
345,elizabeth harris,home office,asia pacific,unknown,,
347,elizabeth johnson,home office,north america,unknown,,
348,elizabeth martin,consumer,europe,unknown,,
349,elizabeth miller,home office,north america,unknown,,
350,elizabeth moreau,home office,asia pacific,unknown,,
351,elizabeth park,corporate,europe,unknown,,
352,elizabeth patel,consumer,south america,unknown,,
353,elizabeth santos,consumer,europe,unknown,,
354,elizabeth sato,consumer,middle east & africa,unknown,,
355,elizabeth schmidt,corporate,north america,unknown,,
356,elizabeth sharma,consumer,europe,unknown,,
357,elizabeth singh,corporate,asia pacific,unknown,,
358,elizabeth singh,home office,north america,unknown,,
359,elizabeth taylor,corporate,europe,unknown,,
360,elizabeth taylor,home office,asia pacific,unknown,,
361,elizabeth wang,corporate,north america,unknown,,
362,elizabeth weber,consumer,europe,unknown,,
363,elizabeth williams,consumer,north america,unknown,,
364,elizabeth williams,corporate,europe,unknown,,
365,elizabeth zhang,corporate,north america,unknown,,
366,emma anderson,home office,north america,unknown,,
367,emma brown,consumer,europe,unknown,,
368,emma chen,consumer,asia pacific,unknown,,
369,emma clark,consumer,north america,unknown,,
371,emma dubois,consumer,europe,unknown,,
370,emma dubois,home office,europe,unknown,,
372,emma jackson,consumer,north america,unknown,,
373,emma johansson,corporate,north america,unknown,,
375,emma johnson,corporate,asia pacific,unknown,,
376,emma johnson,corporate,europe,unknown,,
374,emma johnson,corporate,middle east & africa,unknown,,
377,emma kim,consumer,asia pacific,unknown,,
378,emma kim,consumer,europe,unknown,,
379,emma laurent,consumer,asia pacific,unknown,,
380,emma martinez,home office,middle east & africa,unknown,,
381,emma miller,consumer,europe,unknown,,
382,emma moreau,consumer,europe,unknown,,
383,emma müller,consumer,europe,unknown,,
384,emma müller,corporate,europe,unknown,,
385,emma nilsson,corporate,asia pacific,unknown,,
386,emma oliveira,consumer,europe,unknown,,
387,emma pereira,consumer,north america,unknown,,
388,emma romano,home office,europe,unknown,,
389,emma sato,consumer,asia pacific,unknown,,
390,emma sharma,consumer,middle east & africa,unknown,,
391,emma sharma,consumer,north america,unknown,,
392,emma suzuki,consumer,asia pacific,unknown,,
393,emma suzuki,home office,europe,unknown,,
394,emma tanaka,home office,south america,unknown,,
395,emma thompson,corporate,north america,unknown,,
396,emma wang,consumer,asia pacific,unknown,,
397,emma wang,consumer,europe,unknown,,
398,emma weber,corporate,south america,unknown,,
399,emma zhang,corporate,middle east & africa,unknown,,
400,ethan chen,consumer,north america,unknown,,
401,ethan chen,corporate,north america,unknown,,
402,ethan clark,consumer,asia pacific,unknown,,
403,ethan hassan,corporate,asia pacific,unknown,,
404,ethan johnson,consumer,middle east & africa,unknown,,
405,ethan johnson,home office,asia pacific,unknown,,
406,ethan jones,consumer,middle east & africa,unknown,,
407,ethan khan,corporate,north america,unknown,,
408,ethan kim,corporate,south america,unknown,,
409,ethan kumar,corporate,north america,unknown,,
411,ethan li,consumer,asia pacific,unknown,,
410,ethan li,home office,north america,unknown,,
412,ethan moreau,consumer,europe,unknown,,
413,ethan rodriguez,corporate,europe,unknown,,
414,ethan santos,consumer,asia pacific,unknown,,
415,ethan thomas,corporate,middle east & africa,unknown,,
416,ethan wang,corporate,europe,unknown,,
417,ethan wang,corporate,south america,unknown,,
418,ethan williams,consumer,north america,unknown,,
419,ethan yamamoto,home office,asia pacific,unknown,,
420,fatima brown,consumer,europe,unknown,,
421,fatima costa,corporate,asia pacific,unknown,,
422,fatima davis,consumer,middle east & africa,unknown,,
423,fatima ferrari,corporate,asia pacific,unknown,,
424,fatima fischer,corporate,north america,unknown,,
425,fatima fischer,home office,europe,unknown,,
426,fatima jackson,home office,europe,unknown,,
427,fatima johnson,consumer,europe,unknown,,
428,fatima jones,corporate,north america,unknown,,
429,fatima kim,corporate,europe,unknown,,
430,fatima kumar,consumer,middle east & africa,unknown,,
431,fatima laurent,home office,south america,unknown,,
432,fatima li,consumer,north america,unknown,,
433,fatima martin,home office,asia pacific,unknown,,
434,fatima müller,corporate,europe,unknown,,
435,fatima patel,consumer,north america,unknown,,
436,fatima patel,home office,north america,unknown,,
437,fatima robinson,corporate,europe,unknown,,
438,fatima rossi,consumer,asia pacific,unknown,,
439,fatima singh,corporate,asia pacific,unknown,,
441,fatima smith,consumer,south america,unknown,,
442,fatima smith,corporate,south america,unknown,,
440,fatima smith,home office,asia pacific,unknown,,
444,fatima suzuki,consumer,north america,unknown,,
443,fatima suzuki,home office,south america,unknown,,
445,fatima wang,consumer,asia pacific,unknown,,
446,fatima weber,consumer,europe,unknown,,
450,fatima williams,consumer,south america,unknown,,
449,fatima williams,corporate,europe,unknown,,
447,fatima williams,home office,asia pacific,unknown,,
448,fatima williams,home office,north america,unknown,,
451,fatima yamamoto,consumer,middle east & africa,unknown,,
452,fatima yamamoto,consumer,south america,unknown,,
453,fatima zhang,consumer,asia pacific,unknown,,
454,fatima zhang,consumer,north america,unknown,,
455,felix ahmed,consumer,europe,unknown,,
456,felix costa,home office,middle east & africa,unknown,,
457,felix davis,home office,north america,unknown,,
458,felix fischer,corporate,south america,unknown,,
459,felix hassan,home office,europe,unknown,,
460,felix johansson,consumer,north america,unknown,,
461,felix kim,corporate,north america,unknown,,
462,felix laurent,corporate,north america,unknown,,
463,felix laurent,home office,asia pacific,unknown,,
464,felix leroy,corporate,europe,unknown,,
465,felix miller,consumer,asia pacific,unknown,,
466,felix moreau,consumer,europe,unknown,,
467,felix müller,corporate,asia pacific,unknown,,
468,felix park,consumer,south america,unknown,,
469,felix patel,consumer,europe,unknown,,
470,felix pereira,consumer,europe,unknown,,
471,felix robinson,corporate,asia pacific,unknown,,
472,felix rodriguez,home office,north america,unknown,,
473,felix romano,consumer,europe,unknown,,
474,felix romano,corporate,north america,unknown,,
475,felix schmidt,corporate,north america,unknown,,
476,felix singh,consumer,asia pacific,unknown,,
478,felix smith,consumer,europe,unknown,,
477,felix smith,consumer,middle east & africa,unknown,,
480,felix smith,consumer,north america,unknown,,
479,felix smith,corporate,south america,unknown,,
481,felix taylor,home office,north america,unknown,,
483,felix white,consumer,asia pacific,unknown,,
482,felix white,home office,europe,unknown,,
484,felix yamamoto,consumer,asia pacific,unknown,,
485,giulia ali,consumer,asia pacific,unknown,,
487,giulia anderson,consumer,asia pacific,unknown,,
486,giulia anderson,consumer,north america,unknown,,
488,giulia brown,consumer,europe,unknown,,
489,giulia brown,corporate,asia pacific,unknown,,
490,giulia dubois,consumer,south america,unknown,,
491,giulia garcia,corporate,south america,unknown,,
492,giulia harris,home office,europe,unknown,,
494,giulia johnson,corporate,asia pacific,unknown,,
493,giulia johnson,corporate,north america,unknown,,
495,giulia khan,home office,north america,unknown,,
496,giulia leroy,consumer,asia pacific,unknown,,
497,giulia li,consumer,middle east & africa,unknown,,
498,giulia miller,consumer,north america,unknown,,
499,giulia müller,corporate,asia pacific,unknown,,
500,giulia nilsson,consumer,asia pacific,unknown,,
501,giulia oliveira,corporate,europe,unknown,,
502,giulia pereira,consumer,asia pacific,unknown,,
503,giulia rodriguez,home office,middle east & africa,unknown,,
504,giulia rossi,corporate,asia pacific,unknown,,
505,giulia russo,corporate,asia pacific,unknown,,
506,giulia singh,consumer,north america,unknown,,
507,giulia smith,corporate,north america,unknown,,
508,giulia taylor,consumer,europe,unknown,,
509,giulia taylor,corporate,south america,unknown,,
510,giulia white,consumer,asia pacific,unknown,,
511,giulia williams,corporate,europe,unknown,,
512,giulia yamamoto,consumer,asia pacific,unknown,,
513,hanna ahmed,consumer,middle east & africa,unknown,,
514,hanna ali,home office,europe,unknown,,
515,hanna brown,home office,europe,unknown,,
516,hanna davis,consumer,europe,unknown,,
517,hanna dubois,corporate,asia pacific,unknown,,
518,hanna ferrari,consumer,europe,unknown,,
519,hanna fischer,consumer,asia pacific,unknown,,
520,hanna hassan,home office,europe,unknown,,
521,hanna khan,consumer,south america,unknown,,
522,hanna kim,consumer,middle east & africa,unknown,,
523,hanna kumar,consumer,south america,unknown,,
524,hanna leroy,consumer,asia pacific,unknown,,
525,hanna leroy,corporate,europe,unknown,,
526,hanna li,consumer,asia pacific,unknown,,
527,hanna martinez,corporate,europe,unknown,,
528,hanna müller,consumer,middle east & africa,unknown,,
529,hanna nilsson,consumer,north america,unknown,,
530,hanna park,corporate,middle east & africa,unknown,,
531,hanna robinson,consumer,europe,unknown,,
532,hanna rodriguez,consumer,europe,unknown,,
533,hanna rossi,consumer,europe,unknown,,
534,hanna santos,home office,asia pacific,unknown,,
535,hanna sato,consumer,europe,unknown,,
536,hanna sato,consumer,north america,unknown,,
537,hanna taylor,home office,north america,unknown,,
538,hanna thomas,corporate,europe,unknown,,
539,hanna weber,corporate,asia pacific,unknown,,
540,hanna white,consumer,europe,unknown,,
541,hanna williams,corporate,north america,unknown,,
542,hans ali,corporate,europe,unknown,,
544,hans anderson,consumer,asia pacific,unknown,,
543,hans anderson,consumer,south america,unknown,,
545,hans chen,consumer,europe,unknown,,
546,hans costa,consumer,middle east & africa,unknown,,
547,hans costa,consumer,north america,unknown,,
548,hans ferrari,home office,europe,unknown,,
550,hans fischer,consumer,asia pacific,unknown,,
549,hans fischer,corporate,north america,unknown,,
551,hans harris,consumer,north america,unknown,,
552,hans hassan,corporate,south america,unknown,,
553,hans johnson,consumer,asia pacific,unknown,,
554,hans johnson,consumer,europe,unknown,,
555,hans johnson,home office,asia pacific,unknown,,
556,hans khan,consumer,north america,unknown,,
557,hans kim,corporate,asia pacific,unknown,,
558,hans kumar,consumer,asia pacific,unknown,,
559,hans kumar,consumer,south america,unknown,,
560,hans laurent,consumer,middle east & africa,unknown,,
561,hans martin,consumer,asia pacific,unknown,,
562,hans miller,consumer,europe,unknown,,
563,hans miller,home office,north america,unknown,,
564,hans müller,consumer,middle east & africa,unknown,,
565,hans oliveira,consumer,asia pacific,unknown,,
566,hans park,corporate,europe,unknown,,
567,hans patel,consumer,north america,unknown,,
568,hans robinson,consumer,north america,unknown,,
570,hans rossi,consumer,europe,unknown,,
569,hans rossi,home office,asia pacific,unknown,,
571,hans santos,consumer,north america,unknown,,
572,hans schmidt,consumer,north america,unknown,,
573,hans sharma,consumer,middle east & africa,unknown,,
574,hans singh,home office,europe,unknown,,
575,hans smith,consumer,asia pacific,unknown,,
576,hans wang,corporate,north america,unknown,,
577,hans white,home office,south america,unknown,,
578,hans yamamoto,consumer,asia pacific,unknown,,
579,hans zhang,home office,europe,unknown,,
581,ingrid clark,consumer,north america,unknown,,
580,ingrid clark,corporate,north america,unknown,,
583,ingrid davis,consumer,south america,unknown,,
582,ingrid davis,corporate,south america,unknown,,
584,ingrid khan,home office,north america,unknown,,
585,ingrid laurent,consumer,north america,unknown,,
586,ingrid li,consumer,europe,unknown,,
587,ingrid martin,corporate,europe,unknown,,
588,ingrid martinez,home office,north america,unknown,,
589,ingrid moreau,consumer,north america,unknown,,
590,ingrid müller,corporate,north america,unknown,,
591,ingrid nilsson,corporate,asia pacific,unknown,,
592,ingrid robinson,home office,south america,unknown,,
593,ingrid santos,consumer,europe,unknown,,
594,ingrid sato,consumer,north america,unknown,,
595,ingrid schmidt,consumer,europe,unknown,,
596,ingrid suzuki,consumer,europe,unknown,,
597,ingrid wang,corporate,north america,unknown,,
598,ingrid weber,corporate,north america,unknown,,
599,ingrid white,consumer,asia pacific,unknown,,
600,ingrid yamamoto,corporate,asia pacific,unknown,,
601,ingrid zhang,corporate,asia pacific,unknown,,
602,isabella ahmed,consumer,asia pacific,unknown,,
603,isabella anderson,corporate,asia pacific,unknown,,
604,isabella davis,consumer,europe,unknown,,
605,isabella ferrari,corporate,europe,unknown,,
606,isabella harris,consumer,south america,unknown,,
608,isabella jackson,consumer,europe,unknown,,
607,isabella jackson,corporate,asia pacific,unknown,,
609,isabella johansson,consumer,middle east & africa,unknown,,
610,isabella johansson,corporate,middle east & africa,unknown,,
611,isabella johnson,consumer,middle east & africa,unknown,,
612,isabella jones,corporate,europe,unknown,,
613,isabella kumar,corporate,europe,unknown,,
614,isabella laurent,corporate,europe,unknown,,
615,isabella li,consumer,europe,unknown,,
616,isabella martin,consumer,asia pacific,unknown,,
617,isabella patel,consumer,north america,unknown,,
618,isabella russo,corporate,europe,unknown,,
619,isabella sato,consumer,south america,unknown,,
620,isabella schmidt,consumer,south america,unknown,,
621,isabella smith,corporate,north america,unknown,,
622,isabella tanaka,consumer,europe,unknown,,
623,isabella taylor,corporate,north america,unknown,,
624,isabella thomas,home office,asia pacific,unknown,,
625,isabella thompson,consumer,asia pacific,unknown,,
626,isabella white,corporate,asia pacific,unknown,,
627,isabella yamamoto,corporate,europe,unknown,,
628,ivan ahmed,home office,north america,unknown,,
629,ivan ali,home office,north america,unknown,,
630,ivan anderson,corporate,asia pacific,unknown,,
631,ivan costa,home office,europe,unknown,,
632,ivan davis,consumer,north america,unknown,,
633,ivan davis,corporate,asia pacific,unknown,,
634,ivan dubois,consumer,europe,unknown,,
635,ivan laurent,home office,europe,unknown,,
636,ivan leroy,home office,north america,unknown,,
637,ivan li,home office,south america,unknown,,
638,ivan martin,consumer,europe,unknown,,
639,ivan martinez,home office,asia pacific,unknown,,
640,ivan müller,consumer,europe,unknown,,
641,ivan nilsson,corporate,europe,unknown,,
642,ivan park,consumer,asia pacific,unknown,,
644,ivan patel,consumer,europe,unknown,,
643,ivan patel,home office,asia pacific,unknown,,
645,ivan pereira,home office,middle east & africa,unknown,,
646,ivan robinson,consumer,europe,unknown,,
647,ivan romano,consumer,asia pacific,unknown,,
648,ivan sato,consumer,europe,unknown,,
649,ivan sharma,corporate,north america,unknown,,
650,ivan smith,corporate,north america,unknown,,
651,ivan thomas,home office,south america,unknown,,
652,ivan williams,corporate,asia pacific,unknown,,
653,ivan zhang,consumer,middle east & africa,unknown,,
654,ivan zhang,home office,north america,unknown,,
655,jamal ahmed,corporate,north america,unknown,,
656,jamal brown,corporate,asia pacific,unknown,,
657,jamal chen,corporate,middle east & africa,unknown,,
658,jamal clark,consumer,asia pacific,unknown,,
659,jamal clark,consumer,middle east & africa,unknown,,
660,jamal ferrari,consumer,asia pacific,unknown,,
661,jamal harris,corporate,middle east & africa,unknown,,
662,jamal jones,consumer,north america,unknown,,
663,jamal jones,home office,north america,unknown,,
664,jamal khan,corporate,south america,unknown,,
665,jamal kim,consumer,north america,unknown,,
666,jamal leroy,home office,south america,unknown,,
667,jamal nilsson,consumer,south america,unknown,,
668,jamal park,consumer,middle east & africa,unknown,,
669,jamal patel,consumer,europe,unknown,,
670,jamal pereira,consumer,north america,unknown,,
671,jamal pereira,corporate,asia pacific,unknown,,
673,jamal robinson,corporate,middle east & africa,unknown,,
672,jamal robinson,home office,asia pacific,unknown,,
674,jamal rossi,consumer,north america,unknown,,
675,jamal rossi,corporate,asia pacific,unknown,,
677,jamal schmidt,consumer,north america,unknown,,
676,jamal schmidt,home office,asia pacific,unknown,,
678,jamal sharma,corporate,europe,unknown,,
679,jamal singh,home office,south america,unknown,,
680,jamal taylor,consumer,north america,unknown,,
681,jamal wang,consumer,north america,unknown,,
682,jamal williams,corporate,europe,unknown,,
683,jamal zhang,consumer,middle east & africa,unknown,,
684,james ahmed,corporate,north america,unknown,,
685,james ahmed,home office,north america,unknown,,
686,james ali,home office,north america,unknown,,
687,james anderson,corporate,north america,unknown,,
688,james brown,consumer,europe,unknown,,
689,james chen,home office,europe,unknown,,
690,james clark,consumer,middle east & africa,unknown,,
692,james harris,consumer,asia pacific,unknown,,
691,james harris,corporate,north america,unknown,,
693,james johansson,corporate,europe,unknown,,
694,james johansson,home office,north america,unknown,,
695,james khan,home office,north america,unknown,,
696,james kumar,corporate,north america,unknown,,
697,james li,home office,north america,unknown,,
698,james miller,home office,north america,unknown,,
699,james oliveira,corporate,north america,unknown,,
700,james patel,corporate,north america,unknown,,
701,james rossi,consumer,europe,unknown,,
702,james santos,home office,asia pacific,unknown,,
703,james schmidt,consumer,asia pacific,unknown,,
704,james sharma,corporate,north america,unknown,,
705,james suzuki,corporate,north america,unknown,,
706,james tanaka,consumer,middle east & africa,unknown,,
707,james taylor,consumer,asia pacific,unknown,,
708,james wang,home office,asia pacific,unknown,,
709,james williams,corporate,north america,unknown,,
710,jennifer anderson,corporate,north america,unknown,,
711,jennifer brown,home office,europe,unknown,,
712,jennifer clark,corporate,middle east & africa,unknown,,
713,jennifer costa,consumer,north america,unknown,,
714,jennifer dubois,consumer,asia pacific,unknown,,
715,jennifer ferrari,consumer,north america,unknown,,
717,jennifer garcia,consumer,north america,unknown,,
716,jennifer garcia,consumer,south america,unknown,,
718,jennifer harris,corporate,south america,unknown,,
719,jennifer harris,home office,europe,unknown,,
720,jennifer khan,corporate,europe,unknown,,
721,jennifer kim,consumer,north america,unknown,,
722,jennifer leroy,corporate,asia pacific,unknown,,
723,jennifer martinez,corporate,middle east & africa,unknown,,
724,jennifer moreau,corporate,north america,unknown,,
725,jennifer nilsson,consumer,asia pacific,unknown,,
726,jennifer oliveira,consumer,asia pacific,unknown,,
727,jennifer pereira,consumer,middle east & africa,unknown,,
728,jennifer robinson,consumer,europe,unknown,,
729,jennifer romano,consumer,north america,unknown,,
730,jennifer romano,corporate,europe,unknown,,
731,jennifer russo,home office,north america,unknown,,
732,jennifer santos,consumer,north america,unknown,,
733,jennifer tanaka,consumer,north america,unknown,,
734,jennifer thomas,consumer,south america,unknown,,
735,jennifer thompson,corporate,north america,unknown,,
736,jennifer white,home office,europe,unknown,,
737,jennifer yamamoto,consumer,europe,unknown,,
738,jennifer zhang,consumer,asia pacific,unknown,,
740,jessica anderson,consumer,middle east & africa,unknown,,
739,jessica anderson,corporate,north america,unknown,,
741,jessica brown,home office,north america,unknown,,
743,jessica garcia,consumer,europe,unknown,,
742,jessica garcia,consumer,north america,unknown,,
745,jessica hassan,corporate,europe,unknown,,
744,jessica hassan,home office,south america,unknown,,
746,jessica johnson,consumer,europe,unknown,,
747,jessica kim,corporate,south america,unknown,,
748,jessica martin,consumer,asia pacific,unknown,,
749,jessica moreau,consumer,north america,unknown,,
750,jessica moreau,corporate,europe,unknown,,
751,jessica müller,consumer,asia pacific,unknown,,
752,jessica müller,home office,europe,unknown,,
753,jessica nilsson,home office,south america,unknown,,
755,jessica park,consumer,asia pacific,unknown,,
754,jessica park,home office,europe,unknown,,
756,jessica patel,home office,north america,unknown,,
757,jessica pereira,consumer,south america,unknown,,
758,jessica sato,consumer,asia pacific,unknown,,
759,jessica schmidt,consumer,asia pacific,unknown,,
760,jessica suzuki,corporate,asia pacific,unknown,,
761,jessica tanaka,consumer,north america,unknown,,
762,jessica taylor,consumer,middle east & africa,unknown,,
763,jessica thomas,corporate,europe,unknown,,
764,jessica wang,corporate,asia pacific,unknown,,
765,jessica wang,home office,north america,unknown,,
766,jessica weber,home office,middle east & africa,unknown,,
767,jessica williams,consumer,north america,unknown,,
768,jessica yamamoto,corporate,asia pacific,unknown,,
769,john brown,consumer,europe,unknown,,
771,john ferrari,consumer,europe,unknown,,
770,john ferrari,consumer,north america,unknown,,
772,john johansson,corporate,europe,unknown,,
774,john laurent,consumer,europe,unknown,,
773,john laurent,consumer,north america,unknown,,
775,john martin,home office,europe,unknown,,
776,john miller,home office,north america,unknown,,
777,john patel,consumer,asia pacific,unknown,,
779,john robinson,consumer,north america,unknown,,
778,john robinson,corporate,europe,unknown,,
780,john rodriguez,consumer,south america,unknown,,
782,john suzuki,corporate,europe,unknown,,
781,john suzuki,home office,north america,unknown,,
783,john wang,home office,asia pacific,unknown,,
784,john zhang,home office,europe,unknown,,
785,joseph ali,consumer,europe,unknown,,
786,joseph chen,corporate,europe,unknown,,
787,joseph clark,consumer,asia pacific,unknown,,
788,joseph fischer,corporate,north america,unknown,,
789,joseph garcia,consumer,asia pacific,unknown,,
790,joseph johansson,consumer,north america,unknown,,
791,joseph johnson,corporate,north america,unknown,,
792,joseph leroy,consumer,south america,unknown,,
793,joseph martin,corporate,asia pacific,unknown,,
795,joseph martinez,consumer,asia pacific,unknown,,
794,joseph martinez,home office,north america,unknown,,
796,joseph romano,consumer,south america,unknown,,
797,joseph russo,consumer,asia pacific,unknown,,
798,joseph schmidt,home office,asia pacific,unknown,,
799,joseph singh,consumer,europe,unknown,,
800,joseph suzuki,consumer,north america,unknown,,
801,joseph thompson,consumer,south america,unknown,,
802,joseph wang,home office,europe,unknown,,
803,joseph weber,consumer,north america,unknown,,
804,joseph zhang,consumer,europe,unknown,,
805,karen ali,consumer,asia pacific,unknown,,
806,karen anderson,consumer,europe,unknown,,
807,karen anderson,corporate,north america,unknown,,
808,karen ferrari,consumer,north america,unknown,,
809,karen garcia,corporate,middle east & africa,unknown,,
811,karen hassan,consumer,asia pacific,unknown,,
810,karen hassan,home office,europe,unknown,,
812,karen jackson,consumer,asia pacific,unknown,,
813,karen khan,consumer,asia pacific,unknown,,
814,karen martinez,home office,south america,unknown,,
815,karen moreau,consumer,asia pacific,unknown,,
816,karen nilsson,consumer,asia pacific,unknown,,
817,karen patel,consumer,middle east & africa,unknown,,
818,karen robinson,home office,asia pacific,unknown,,
819,karen romano,consumer,asia pacific,unknown,,
820,karen romano,consumer,north america,unknown,,
821,karen rossi,consumer,asia pacific,unknown,,
822,karen rossi,home office,asia pacific,unknown,,
823,karen russo,consumer,europe,unknown,,
824,karen sato,corporate,europe,unknown,,
826,karen smith,consumer,europe,unknown,,
825,karen smith,consumer,south america,unknown,,
829,karen suzuki,consumer,europe,unknown,,
827,karen suzuki,corporate,north america,unknown,,
828,karen suzuki,home office,asia pacific,unknown,,
830,karen tanaka,corporate,asia pacific,unknown,,
831,karen thomas,corporate,north america,unknown,,
832,karen wang,corporate,middle east & africa,unknown,,
833,karen wang,home office,south america,unknown,,
834,karen yamamoto,corporate,europe,unknown,,
835,karen zhang,home office,asia pacific,unknown,,
836,kenji davis,home office,europe,unknown,,
837,kenji dubois,home office,europe,unknown,,
838,kenji harris,consumer,europe,unknown,,
839,kenji hassan,corporate,asia pacific,unknown,,
840,kenji johansson,consumer,europe,unknown,,
841,kenji johnson,home office,north america,unknown,,
842,kenji jones,consumer,asia pacific,unknown,,
843,kenji jones,corporate,north america,unknown,,
844,kenji leroy,corporate,asia pacific,unknown,,
846,kenji martin,consumer,europe,unknown,,
845,kenji martin,home office,middle east & africa,unknown,,
847,kenji martin,home office,south america,unknown,,
848,kenji miller,home office,asia pacific,unknown,,
849,kenji moreau,consumer,north america,unknown,,
850,kenji moreau,corporate,north america,unknown,,
851,kenji nilsson,home office,asia pacific,unknown,,
854,kenji romano,consumer,asia pacific,unknown,,
853,kenji romano,corporate,europe,unknown,,
852,kenji romano,corporate,north america,unknown,,
855,kenji rossi,corporate,europe,unknown,,
856,kenji santos,home office,europe,unknown,,
857,kenji schmidt,consumer,north america,unknown,,
858,kenji sharma,corporate,south america,unknown,,
859,kenji smith,consumer,europe,unknown,,
860,kenji suzuki,corporate,north america,unknown,,
862,kenji wang,consumer,asia pacific,unknown,,
861,kenji wang,consumer,europe,unknown,,
863,kenji white,corporate,north america,unknown,,
864,kenji williams,home office,europe,unknown,,
865,kenji yamamoto,consumer,asia pacific,unknown,,
866,kenji zhang,corporate,north america,unknown,,
867,layla ahmed,home office,asia pacific,unknown,,
868,layla anderson,home office,asia pacific,unknown,,
869,layla chen,corporate,europe,unknown,,
870,layla ferrari,corporate,asia pacific,unknown,,
871,layla fischer,corporate,asia pacific,unknown,,
873,layla garcia,consumer,europe,unknown,,
872,layla garcia,corporate,north america,unknown,,
875,layla jackson,consumer,europe,unknown,,
874,layla jackson,home office,asia pacific,unknown,,
877,layla johansson,consumer,europe,unknown,,
876,layla johansson,corporate,middle east & africa,unknown,,
878,layla khan,home office,north america,unknown,,
879,layla kumar,corporate,asia pacific,unknown,,
880,layla leroy,corporate,middle east & africa,unknown,,
881,layla li,consumer,south america,unknown,,
883,layla park,consumer,asia pacific,unknown,,
882,layla park,corporate,north america,unknown,,
884,layla patel,consumer,north america,unknown,,
885,layla rodriguez,consumer,asia pacific,unknown,,
886,layla romano,corporate,asia pacific,unknown,,
887,layla santos,corporate,europe,unknown,,
888,layla sharma,corporate,middle east & africa,unknown,,
889,layla thomas,corporate,asia pacific,unknown,,
890,layla yamamoto,home office,asia pacific,unknown,,
891,layla zhang,corporate,north america,unknown,,
892,li davis,home office,north america,unknown,,
893,li harris,consumer,asia pacific,unknown,,
894,li harris,consumer,north america,unknown,,
895,li khan,home office,europe,unknown,,
896,li kim,consumer,asia pacific,unknown,,
897,li miller,consumer,europe,unknown,,
898,li müller,corporate,asia pacific,unknown,,
899,li oliveira,consumer,north america,unknown,,
901,li pereira,corporate,asia pacific,unknown,,
900,li pereira,corporate,middle east & africa,unknown,,
903,li rossi,corporate,europe,unknown,,
902,li rossi,corporate,south america,unknown,,
904,li sharma,consumer,middle east & africa,unknown,,
905,li smith,consumer,asia pacific,unknown,,
907,li suzuki,consumer,europe,unknown,,
906,li suzuki,consumer,north america,unknown,,
908,li taylor,consumer,north america,unknown,,
909,li wang,corporate,asia pacific,unknown,,
910,li wang,corporate,south america,unknown,,
911,li white,corporate,asia pacific,unknown,,
912,li yamamoto,consumer,asia pacific,unknown,,
913,liam clark,consumer,middle east & africa,unknown,,
914,liam costa,consumer,south america,unknown,,
915,liam davis,consumer,europe,unknown,,
916,liam johansson,corporate,middle east & africa,unknown,,
917,liam jones,consumer,asia pacific,unknown,,
918,liam jones,consumer,europe,unknown,,
919,liam kim,consumer,europe,unknown,,
920,liam laurent,consumer,north america,unknown,,
921,liam martin,consumer,south america,unknown,,
922,liam nilsson,home office,europe,unknown,,
923,liam patel,home office,south america,unknown,,
924,liam pereira,home office,asia pacific,unknown,,
925,liam rodriguez,consumer,europe,unknown,,
926,liam rodriguez,consumer,middle east & africa,unknown,,
927,liam romano,home office,europe,unknown,,
928,liam rossi,corporate,asia pacific,unknown,,
929,liam schmidt,consumer,asia pacific,unknown,,
930,liam sharma,consumer,south america,unknown,,
931,liam smith,consumer,europe,unknown,,
932,liam tanaka,corporate,north america,unknown,,
933,liam taylor,corporate,asia pacific,unknown,,
934,liam wang,consumer,asia pacific,unknown,,
935,liam white,corporate,north america,unknown,,
936,liam zhang,home office,asia pacific,unknown,,
937,linda brown,consumer,north america,unknown,,
938,linda fischer,consumer,north america,unknown,,
939,linda harris,consumer,middle east & africa,unknown,,
940,linda hassan,corporate,asia pacific,unknown,,
941,linda johnson,consumer,asia pacific,unknown,,
942,linda khan,consumer,middle east & africa,unknown,,
943,linda kumar,consumer,north america,unknown,,
944,linda laurent,consumer,europe,unknown,,
945,linda martin,consumer,north america,unknown,,
946,linda müller,corporate,north america,unknown,,
947,linda nilsson,consumer,europe,unknown,,
948,linda patel,consumer,europe,unknown,,
949,linda rodriguez,corporate,north america,unknown,,
951,linda russo,consumer,asia pacific,unknown,,
950,linda russo,corporate,europe,unknown,,
952,linda santos,corporate,europe,unknown,,
953,linda sato,corporate,north america,unknown,,
954,linda smith,consumer,europe,unknown,,
955,linda suzuki,corporate,north america,unknown,,
956,linda thompson,consumer,europe,unknown,,
957,linda wang,consumer,europe,unknown,,
958,linda zhang,consumer,north america,unknown,,
959,lucas anderson,consumer,europe,unknown,,
961,lucas brown,consumer,middle east & africa,unknown,,
960,lucas brown,home office,north america,unknown,,
962,lucas chen,consumer,asia pacific,unknown,,
963,lucas clark,home office,middle east & africa,unknown,,
964,lucas costa,consumer,north america,unknown,,
965,lucas jones,consumer,south america,unknown,,
966,lucas khan,consumer,north america,unknown,,
967,lucas kim,consumer,north america,unknown,,
968,lucas laurent,consumer,south america,unknown,,
969,lucas leroy,corporate,europe,unknown,,
971,lucas moreau,home office,europe,unknown,,
970,lucas moreau,home office,north america,unknown,,
972,lucas müller,consumer,asia pacific,unknown,,
973,lucas nilsson,consumer,europe,unknown,,
974,lucas oliveira,consumer,europe,unknown,,
975,lucas park,consumer,middle east & africa,unknown,,
976,lucas rodriguez,consumer,north america,unknown,,
977,lucas romano,consumer,europe,unknown,,
979,lucas russo,home office,europe,unknown,,
978,lucas russo,home office,north america,unknown,,
980,lucas sato,consumer,europe,unknown,,
981,lucas schmidt,home office,asia pacific,unknown,,
983,lucas suzuki,consumer,north america,unknown,,
982,lucas suzuki,corporate,south america,unknown,,
984,lucas tanaka,home office,middle east & africa,unknown,,
985,lucas thomas,corporate,asia pacific,unknown,,
986,lucas white,home office,north america,unknown,,
987,lucas williams,corporate,europe,unknown,,
988,lucas yamamoto,consumer,middle east & africa,unknown,,
989,marco davis,consumer,asia pacific,unknown,,
990,marco ferrari,consumer,asia pacific,unknown,,
991,marco harris,consumer,middle east & africa,unknown,,
992,marco hassan,consumer,north america,unknown,,
993,marco kim,home office,south america,unknown,,
994,marco martin,consumer,asia pacific,unknown,,
995,marco moreau,corporate,asia pacific,unknown,,
996,marco nilsson,consumer,asia pacific,unknown,,
997,marco rodriguez,consumer,asia pacific,unknown,,
999,marco sato,consumer,europe,unknown,,
998,marco sato,consumer,north america,unknown,,
1000,marco sharma,corporate,europe,unknown,,
1001,marco tanaka,consumer,europe,unknown,,
1002,marco taylor,consumer,north america,unknown,,
1003,maria ahmed,consumer,europe,unknown,,
1004,maria anderson,consumer,asia pacific,unknown,,
1005,maria costa,consumer,asia pacific,unknown,,
1006,maria costa,consumer,europe,unknown,,
1007,maria costa,corporate,middle east & africa,unknown,,
1008,maria ferrari,corporate,north america,unknown,,
1009,maria hassan,consumer,europe,unknown,,
1010,maria johnson,corporate,north america,unknown,,
1011,maria khan,home office,middle east & africa,unknown,,
1012,maria laurent,home office,asia pacific,unknown,,
1013,maria leroy,consumer,europe,unknown,,
1014,maria martin,consumer,asia pacific,unknown,,
1015,maria martinez,consumer,north america,unknown,,
1016,maria miller,corporate,north america,unknown,,
1017,maria moreau,consumer,europe,unknown,,
1018,maria müller,corporate,north america,unknown,,
1020,maria rodriguez,consumer,europe,unknown,,
1019,maria rodriguez,consumer,north america,unknown,,
1021,maria rossi,consumer,asia pacific,unknown,,
1022,maria schmidt,consumer,asia pacific,unknown,,
1023,maria sharma,home office,asia pacific,unknown,,
1024,maria suzuki,corporate,north america,unknown,,
1025,maria suzuki,home office,europe,unknown,,
1027,maria tanaka,consumer,south america,unknown,,
1026,maria tanaka,corporate,middle east & africa,unknown,,
1028,maria thomas,corporate,asia pacific,unknown,,
1029,maria weber,consumer,middle east & africa,unknown,,
1030,maria weber,corporate,europe,unknown,,
1032,maria yamamoto,consumer,asia pacific,unknown,,
1031,maria yamamoto,consumer,north america,unknown,,
1033,maria zhang,corporate,south america,unknown,,
1034,mary anderson,consumer,asia pacific,unknown,,
1035,mary anderson,consumer,north america,unknown,,
1037,mary chen,home office,europe,unknown,,
1036,mary chen,home office,north america,unknown,,
1038,mary clark,consumer,north america,unknown,,
1039,mary davis,consumer,south america,unknown,,
1040,mary ferrari,consumer,europe,unknown,,
1042,mary fischer,consumer,middle east & africa,unknown,,
1041,mary fischer,consumer,south america,unknown,,
1043,mary garcia,home office,north america,unknown,,
1044,mary hassan,home office,north america,unknown,,
1045,mary jackson,consumer,north america,unknown,,
1046,mary johansson,consumer,asia pacific,unknown,,
1048,mary khan,corporate,asia pacific,unknown,,
1049,mary khan,corporate,europe,unknown,,
1047,mary khan,home office,north america,unknown,,
1050,mary laurent,consumer,asia pacific,unknown,,
1051,mary laurent,consumer,north america,unknown,,
1052,mary martin,corporate,asia pacific,unknown,,
1053,mary martinez,corporate,europe,unknown,,
1054,mary miller,consumer,south america,unknown,,
1055,mary miller,home office,europe,unknown,,
1056,mary oliveira,consumer,asia pacific,unknown,,
1057,mary patel,consumer,europe,unknown,,
1058,mary rodriguez,consumer,north america,unknown,,
1059,mary rossi,consumer,middle east & africa,unknown,,
1060,mary russo,home office,south america,unknown,,
1061,mary smith,home office,north america,unknown,,
1062,mary weber,consumer,europe,unknown,,
1063,mary weber,consumer,middle east & africa,unknown,,
1064,mary weber,corporate,north america,unknown,,
1065,mary white,consumer,north america,unknown,,
1067,mia ali,corporate,north america,unknown,,
1066,mia ali,corporate,south america,unknown,,
1068,mia anderson,consumer,europe,unknown,,
1069,mia brown,consumer,south america,unknown,,
1070,mia chen,consumer,europe,unknown,,
1071,mia clark,consumer,asia pacific,unknown,,
1072,mia clark,consumer,europe,unknown,,
1073,mia costa,consumer,europe,unknown,,
1074,mia davis,consumer,asia pacific,unknown,,
1075,mia ferrari,consumer,asia pacific,unknown,,
1078,mia harris,consumer,asia pacific,unknown,,
1077,mia harris,consumer,north america,unknown,,
1076,mia harris,corporate,north america,unknown,,
1079,mia johnson,consumer,europe,unknown,,
1081,mia jones,corporate,asia pacific,unknown,,
1080,mia jones,home office,europe,unknown,,
1082,mia laurent,corporate,europe,unknown,,
1083,mia li,corporate,north america,unknown,,
1084,mia martin,corporate,north america,unknown,,
1085,mia martin,home office,europe,unknown,,
1086,mia müller,home office,europe,unknown,,
1087,mia romano,corporate,asia pacific,unknown,,
1089,mia santos,consumer,asia pacific,unknown,,
1088,mia santos,consumer,north america,unknown,,
1091,mia sharma,consumer,europe,unknown,,
1090,mia sharma,consumer,north america,unknown,,
1092,mia smith,consumer,europe,unknown,,
1093,mia smith,consumer,north america,unknown,,
1094,mia tanaka,home office,europe,unknown,,
1095,mia wang,corporate,asia pacific,unknown,,
1096,mia weber,consumer,europe,unknown,,
1097,mia weber,consumer,north america,unknown,,
1098,mia white,corporate,north america,unknown,,
1099,michael ahmed,consumer,north america,unknown,,
1100,michael ali,consumer,europe,unknown,,
1101,michael davis,consumer,asia pacific,unknown,,
1102,michael davis,home office,north america,unknown,,
1106,michael ferrari,consumer,asia pacific,unknown,,
1104,michael ferrari,consumer,europe,unknown,,
1103,michael ferrari,corporate,middle east & africa,unknown,,
1105,michael ferrari,home office,asia pacific,unknown,,
1107,michael garcia,consumer,north america,unknown,,
1108,michael harris,home office,south america,unknown,,
1109,michael hassan,corporate,asia pacific,unknown,,
1110,michael khan,corporate,north america,unknown,,
1111,michael kim,consumer,north america,unknown,,
1112,michael leroy,home office,north america,unknown,,
1113,michael li,corporate,north america,unknown,,
1114,michael martin,consumer,middle east & africa,unknown,,
1115,michael miller,corporate,middle east & africa,unknown,,
1116,michael nilsson,corporate,south america,unknown,,
1117,michael oliveira,corporate,south america,unknown,,
1118,michael park,home office,asia pacific,unknown,,
1119,michael rodriguez,consumer,south america,unknown,,
1120,michael sato,corporate,asia pacific,unknown,,
1121,michael schmidt,corporate,north america,unknown,,
1122,michael sharma,home office,north america,unknown,,
1123,michael smith,corporate,north america,unknown,,
1124,michael tanaka,consumer,europe,unknown,,
1125,michael tanaka,consumer,south america,unknown,,
1126,michael taylor,corporate,asia pacific,unknown,,
1130,michael yamamoto,consumer,europe,unknown,,
1129,michael yamamoto,consumer,north america,unknown,,
1127,michael yamamoto,corporate,asia pacific,unknown,,
1128,michael yamamoto,corporate,south america,unknown,,
1131,michael zhang,consumer,north america,unknown,,
1132,nadia ahmed,consumer,europe,unknown,,
1133,nadia anderson,consumer,europe,unknown,,
1134,nadia brown,home office,asia pacific,unknown,,
1135,nadia costa,consumer,north america,unknown,,
1136,nadia davis,home office,north america,unknown,,
1137,nadia dubois,consumer,north america,unknown,,
1139,nadia harris,corporate,asia pacific,unknown,,
1138,nadia harris,home office,north america,unknown,,
1140,nadia jackson,corporate,north america,unknown,,
1141,nadia johansson,home office,middle east & africa,unknown,,
1142,nadia laurent,consumer,asia pacific,unknown,,
1143,nadia martin,consumer,asia pacific,unknown,,
1144,nadia martin,home office,asia pacific,unknown,,
1145,nadia martin,home office,europe,unknown,,
1146,nadia martinez,corporate,north america,unknown,,
1147,nadia oliveira,consumer,north america,unknown,,
1149,nadia pereira,consumer,asia pacific,unknown,,
1148,nadia pereira,consumer,middle east & africa,unknown,,
1150,nadia robinson,home office,asia pacific,unknown,,
1151,nadia rodriguez,consumer,north america,unknown,,
1152,nadia romano,corporate,europe,unknown,,
1153,nadia rossi,consumer,asia pacific,unknown,,
1154,nadia santos,consumer,asia pacific,unknown,,
1155,nadia santos,consumer,south america,unknown,,
1156,nadia tanaka,corporate,europe,unknown,,
1157,nadia taylor,corporate,middle east & africa,unknown,,
1158,nadia thomas,consumer,asia pacific,unknown,,
1159,nadia wang,consumer,middle east & africa,unknown,,
1160,nadia weber,consumer,europe,unknown,,
1161,nadia zhang,consumer,asia pacific,unknown,,
1162,noah ali,consumer,asia pacific,unknown,,
1164,noah chen,consumer,europe,unknown,,
1163,noah chen,consumer,north america,unknown,,
1165,noah clark,corporate,middle east & africa,unknown,,
1166,noah dubois,consumer,north america,unknown,,
1167,noah ferrari,consumer,north america,unknown,,
1168,noah fischer,consumer,europe,unknown,,
1169,noah hassan,consumer,asia pacific,unknown,,
1171,noah jones,consumer,asia pacific,unknown,,
1170,noah jones,home office,asia pacific,unknown,,
1172,noah khan,home office,north america,unknown,,
1173,noah leroy,corporate,europe,unknown,,
1174,noah martinez,home office,north america,unknown,,
1175,noah müller,consumer,south america,unknown,,
1176,noah nilsson,consumer,north america,unknown,,
1177,noah oliveira,consumer,europe,unknown,,
1178,noah rodriguez,consumer,europe,unknown,,
1179,noah russo,home office,asia pacific,unknown,,
1180,noah santos,consumer,asia pacific,unknown,,
1181,noah suzuki,consumer,asia pacific,unknown,,
1182,noah tanaka,consumer,asia pacific,unknown,,
1183,noah taylor,consumer,north america,unknown,,
1184,noah thomas,corporate,asia pacific,unknown,,
1185,olga ahmed,consumer,europe,unknown,,
1186,olga ali,consumer,middle east & africa,unknown,,
1187,olga anderson,home office,asia pacific,unknown,,
1188,olga davis,consumer,asia pacific,unknown,,
1189,olga davis,corporate,asia pacific,unknown,,
1190,olga garcia,corporate,north america,unknown,,
1191,olga hassan,corporate,asia pacific,unknown,,
1192,olga kim,corporate,south america,unknown,,
1193,olga leroy,consumer,asia pacific,unknown,,
1194,olga leroy,corporate,middle east & africa,unknown,,
1195,olga leroy,home office,europe,unknown,,
1196,olga li,corporate,asia pacific,unknown,,
1197,olga miller,consumer,north america,unknown,,
1198,olga nilsson,consumer,north america,unknown,,
1199,olga nilsson,home office,north america,unknown,,
1200,olga patel,consumer,asia pacific,unknown,,
1202,olga pereira,consumer,europe,unknown,,
1201,olga pereira,home office,asia pacific,unknown,,
1204,olga robinson,consumer,north america,unknown,,
1205,olga robinson,corporate,asia pacific,unknown,,
1203,olga robinson,corporate,middle east & africa,unknown,,
1206,olga romano,consumer,north america,unknown,,
1207,olga russo,consumer,europe,unknown,,
1209,olga suzuki,consumer,north america,unknown,,
1208,olga suzuki,corporate,north america,unknown,,
1211,olga taylor,consumer,north america,unknown,,
1210,olga taylor,home office,north america,unknown,,
1213,olga thompson,consumer,europe,unknown,,
1212,olga thompson,consumer,south america,unknown,,
1214,olga wang,corporate,europe,unknown,,
1215,olga weber,consumer,asia pacific,unknown,,
1216,olga yamamoto,consumer,middle east & africa,unknown,,
1217,olga yamamoto,corporate,europe,unknown,,
1218,olga zhang,corporate,middle east & africa,unknown,,
1219,olivia ali,home office,north america,unknown,,
1220,olivia anderson,consumer,north america,unknown,,
1222,olivia anderson,corporate,europe,unknown,,
1221,olivia anderson,home office,north america,unknown,,
1223,olivia clark,corporate,middle east & africa,unknown,,
1224,olivia davis,home office,south america,unknown,,
1225,olivia ferrari,home office,asia pacific,unknown,,
1226,olivia garcia,home office,north america,unknown,,
1227,olivia johnson,corporate,south america,unknown,,
1228,olivia jones,consumer,europe,unknown,,
1229,olivia kim,consumer,middle east & africa,unknown,,
1230,olivia kumar,corporate,asia pacific,unknown,,
1231,olivia laurent,consumer,north america,unknown,,
1232,olivia leroy,home office,asia pacific,unknown,,
1233,olivia miller,consumer,north america,unknown,,
1234,olivia nilsson,consumer,south america,unknown,,
1235,olivia nilsson,home office,asia pacific,unknown,,
1236,olivia patel,consumer,asia pacific,unknown,,
1237,olivia patel,home office,europe,unknown,,
1238,olivia pereira,home office,north america,unknown,,
1239,olivia robinson,consumer,asia pacific,unknown,,
1240,olivia rossi,consumer,middle east & africa,unknown,,
1241,olivia sato,consumer,north america,unknown,,
1242,olivia schmidt,home office,europe,unknown,,
1243,olivia sharma,consumer,north america,unknown,,
1244,olivia sharma,corporate,middle east & africa,unknown,,
1245,olivia wang,consumer,asia pacific,unknown,,
1246,olivia white,consumer,asia pacific,unknown,,
1247,olivia williams,consumer,asia pacific,unknown,,
1248,olivia zhang,consumer,north america,unknown,,
1249,olivia zhang,home office,north america,unknown,,
1250,omar ali,corporate,europe,unknown,,
1251,omar costa,corporate,middle east & africa,unknown,,
1252,omar costa,corporate,north america,unknown,,
1253,omar dubois,home office,asia pacific,unknown,,
1254,omar dubois,home office,europe,unknown,,
1255,omar fischer,corporate,asia pacific,unknown,,
1256,omar garcia,consumer,asia pacific,unknown,,
1257,omar garcia,corporate,asia pacific,unknown,,
1258,omar hassan,consumer,asia pacific,unknown,,
1259,omar jackson,home office,north america,unknown,,
1260,omar leroy,corporate,north america,unknown,,
1261,omar li,corporate,south america,unknown,,
1262,omar nilsson,corporate,north america,unknown,,
1263,omar park,consumer,asia pacific,unknown,,
1265,omar park,consumer,europe,unknown,,
1264,omar park,corporate,north america,unknown,,
1266,omar patel,home office,europe,unknown,,
1267,omar rodriguez,corporate,asia pacific,unknown,,
1268,omar russo,consumer,asia pacific,unknown,,
1270,omar russo,corporate,south america,unknown,,
1269,omar russo,home office,asia pacific,unknown,,
1271,omar singh,consumer,middle east & africa,unknown,,
1272,omar thomas,consumer,asia pacific,unknown,,
1273,omar thomas,consumer,europe,unknown,,
1274,omar weber,home office,south america,unknown,,
1275,omar williams,consumer,asia pacific,unknown,,
1276,omar williams,corporate,asia pacific,unknown,,
1278,omar yamamoto,consumer,middle east & africa,unknown,,
1277,omar yamamoto,home office,europe,unknown,,
1279,oscar ali,corporate,europe,unknown,,
1281,oscar anderson,corporate,asia pacific,unknown,,
1280,oscar anderson,corporate,europe,unknown,,
1282,oscar costa,consumer,europe,unknown,,
1283,oscar davis,consumer,asia pacific,unknown,,
1284,oscar johansson,consumer,asia pacific,unknown,,
1285,oscar johnson,consumer,north america,unknown,,
1286,oscar jones,consumer,north america,unknown,,
1287,oscar khan,consumer,north america,unknown,,
1289,oscar kim,corporate,middle east & africa,unknown,,
1288,oscar kim,home office,south america,unknown,,
1291,oscar martin,consumer,asia pacific,unknown,,
1290,oscar martin,consumer,europe,unknown,,
1292,oscar martinez,corporate,asia pacific,unknown,,
1294,oscar martinez,corporate,north america,unknown,,
1293,oscar martinez,corporate,south america,unknown,,
1295,oscar miller,corporate,middle east & africa,unknown,,
1296,oscar müller,consumer,north america,unknown,,
1297,oscar nilsson,consumer,europe,unknown,,
1298,oscar pereira,corporate,asia pacific,unknown,,
1299,oscar santos,corporate,north america,unknown,,
1300,oscar schmidt,consumer,asia pacific,unknown,,
1301,oscar schmidt,corporate,asia pacific,unknown,,
1302,oscar taylor,home office,asia pacific,unknown,,
1303,oscar thomas,consumer,asia pacific,unknown,,
1304,oscar thomas,home office,north america,unknown,,
1305,oscar thompson,consumer,asia pacific,unknown,,
1307,oscar thompson,consumer,europe,unknown,,
1306,oscar thompson,home office,asia pacific,unknown,,
1308,oscar wang,home office,europe,unknown,,
1309,oscar white,corporate,north america,unknown,,
1310,oscar williams,corporate,north america,unknown,,
1311,oscar zhang,consumer,europe,unknown,,
1312,patricia chen,home office,europe,unknown,,
1313,patricia clark,consumer,middle east & africa,unknown,,
1314,patricia costa,home office,europe,unknown,,
1315,patricia dubois,corporate,north america,unknown,,
1316,patricia ferrari,consumer,europe,unknown,,
1317,patricia garcia,corporate,north america,unknown,,
1318,patricia jackson,corporate,europe,unknown,,
1319,patricia khan,consumer,europe,unknown,,
1320,patricia kim,consumer,asia pacific,unknown,,
1321,patricia kim,home office,europe,unknown,,
1322,patricia leroy,consumer,asia pacific,unknown,,
1323,patricia martinez,home office,middle east & africa,unknown,,
1324,patricia müller,consumer,asia pacific,unknown,,
1325,patricia müller,consumer,north america,unknown,,
1326,patricia park,corporate,north america,unknown,,
1327,patricia pereira,corporate,middle east & africa,unknown,,
1328,patricia rossi,consumer,south america,unknown,,
1329,patricia santos,home office,asia pacific,unknown,,
1330,patricia wang,corporate,europe,unknown,,
1331,patricia weber,consumer,north america,unknown,,
1332,patricia weber,home office,europe,unknown,,
1333,patricia zhang,corporate,north america,unknown,,
1334,pierre ahmed,corporate,europe,unknown,,
1335,pierre anderson,corporate,asia pacific,unknown,,
1336,pierre costa,corporate,north america,unknown,,
1337,pierre fischer,consumer,europe,unknown,,
1338,pierre fischer,corporate,middle east & africa,unknown,,
1339,pierre garcia,home office,north america,unknown,,
1340,pierre hassan,home office,north america,unknown,,
1341,pierre jackson,corporate,south america,unknown,,
1342,pierre jones,corporate,europe,unknown,,
1344,pierre leroy,corporate,south america,unknown,,
1343,pierre leroy,home office,north america,unknown,,
1345,pierre patel,consumer,europe,unknown,,
1346,pierre pereira,consumer,asia pacific,unknown,,
1347,pierre robinson,consumer,north america,unknown,,
1348,pierre rodriguez,home office,north america,unknown,,
1349,pierre smith,consumer,europe,unknown,,
1350,pierre suzuki,corporate,south america,unknown,,
1351,pierre wang,consumer,europe,unknown,,
1352,pierre wang,corporate,europe,unknown,,
1355,pierre weber,consumer,asia pacific,unknown,,
1353,pierre weber,consumer,europe,unknown,,
1354,pierre weber,corporate,europe,unknown,,
1356,pierre yamamoto,consumer,middle east & africa,unknown,,
1357,priya ali,home office,europe,unknown,,
1358,priya brown,corporate,asia pacific,unknown,,
1359,priya brown,home office,europe,unknown,,
1360,priya chen,home office,north america,unknown,,
1362,priya costa,corporate,asia pacific,unknown,,
1361,priya costa,corporate,north america,unknown,,
1363,priya ferrari,consumer,north america,unknown,,
1364,priya garcia,corporate,asia pacific,unknown,,
1365,priya harris,home office,north america,unknown,,
1366,priya jackson,consumer,north america,unknown,,
1367,priya johansson,consumer,asia pacific,unknown,,
1369,priya jones,consumer,asia pacific,unknown,,
1368,priya jones,consumer,middle east & africa,unknown,,
1370,priya kumar,consumer,europe,unknown,,
1371,priya laurent,consumer,europe,unknown,,
1373,priya leroy,consumer,south america,unknown,,
1372,priya leroy,corporate,asia pacific,unknown,,
1374,priya li,consumer,south america,unknown,,
1376,priya martin,consumer,north america,unknown,,
1375,priya martin,home office,north america,unknown,,
1377,priya martinez,consumer,asia pacific,unknown,,
1378,priya martinez,corporate,north america,unknown,,
1380,priya nilsson,consumer,middle east & africa,unknown,,
1379,priya nilsson,corporate,asia pacific,unknown,,
1381,priya park,consumer,north america,unknown,,
1382,priya patel,home office,south america,unknown,,
1383,priya robinson,consumer,north america,unknown,,
1384,priya romano,home office,europe,unknown,,
1385,priya sato,consumer,europe,unknown,,
1387,priya schmidt,consumer,asia pacific,unknown,,
1386,priya schmidt,corporate,europe,unknown,,
1388,priya singh,consumer,europe,unknown,,
1389,priya smith,consumer,europe,unknown,,
1392,priya thomas,consumer,europe,unknown,,
1390,priya thomas,home office,north america,unknown,,
1391,priya thomas,home office,south america,unknown,,
1393,priya wang,consumer,europe,unknown,,
1394,priya weber,consumer,asia pacific,unknown,,
1395,priya weber,consumer,middle east & africa,unknown,,
1396,priya williams,corporate,north america,unknown,,
1397,priya zhang,corporate,north america,unknown,,
1398,raj anderson,consumer,south america,unknown,,
1399,raj chen,home office,asia pacific,unknown,,
1400,raj costa,consumer,europe,unknown,,
1401,raj garcia,consumer,south america,unknown,,
1402,raj harris,consumer,north america,unknown,,
1403,raj johnson,consumer,asia pacific,unknown,,
1404,raj khan,home office,north america,unknown,,
1405,raj li,consumer,north america,unknown,,
1406,raj martinez,corporate,south america,unknown,,
1407,raj patel,corporate,north america,unknown,,
1408,raj pereira,consumer,north america,unknown,,
1409,raj rodriguez,consumer,asia pacific,unknown,,
1410,raj rossi,consumer,asia pacific,unknown,,
1411,raj rossi,consumer,north america,unknown,,
1413,raj sato,corporate,south america,unknown,,
1412,raj sato,home office,south america,unknown,,
1414,raj schmidt,consumer,asia pacific,unknown,,
1415,raj singh,consumer,asia pacific,unknown,,
1416,raj thomas,consumer,north america,unknown,,
1417,raj thompson,consumer,south america,unknown,,
1418,raj thompson,home office,asia pacific,unknown,,
1419,raj weber,consumer,europe,unknown,,
1420,raj white,home office,europe,unknown,,
1421,raj yamamoto,consumer,asia pacific,unknown,,
1423,richard ali,consumer,asia pacific,unknown,,
1424,richard ali,consumer,north america,unknown,,
1422,richard ali,corporate,north america,unknown,,
1425,richard brown,consumer,europe,unknown,,
1426,richard dubois,home office,north america,unknown,,
1427,richard garcia,corporate,middle east & africa,unknown,,
1428,richard harris,corporate,europe,unknown,,
1429,richard jackson,consumer,north america,unknown,,
1430,richard jackson,home office,europe,unknown,,
1431,richard johnson,consumer,middle east & africa,unknown,,
1432,richard kumar,consumer,asia pacific,unknown,,
1433,richard leroy,corporate,asia pacific,unknown,,
1434,richard li,consumer,europe,unknown,,
1435,richard martinez,home office,asia pacific,unknown,,
1436,richard moreau,corporate,middle east & africa,unknown,,
1437,richard müller,consumer,north america,unknown,,
1438,richard park,consumer,middle east & africa,unknown,,
1439,richard patel,consumer,asia pacific,unknown,,
1440,richard rodriguez,corporate,europe,unknown,,
1442,richard romano,corporate,middle east & africa,unknown,,
1441,richard romano,corporate,south america,unknown,,
1443,richard rossi,consumer,south america,unknown,,
1444,richard santos,consumer,asia pacific,unknown,,
1445,richard sharma,consumer,europe,unknown,,
1446,richard tanaka,consumer,middle east & africa,unknown,,
1447,richard weber,consumer,north america,unknown,,
1448,richard williams,consumer,asia pacific,unknown,,
1449,richard yamamoto,consumer,middle east & africa,unknown,,
1450,richard yamamoto,corporate,south america,unknown,,
1451,richard zhang,corporate,middle east & africa,unknown,,
1452,robert chen,consumer,asia pacific,unknown,,
1453,robert chen,consumer,north america,unknown,,
1454,robert clark,corporate,middle east & africa,unknown,,
1455,robert davis,consumer,asia pacific,unknown,,
1456,robert dubois,corporate,north america,unknown,,
1457,robert garcia,consumer,europe,unknown,,
1458,robert harris,consumer,north america,unknown,,
1459,robert harris,home office,asia pacific,unknown,,
1460,robert jackson,corporate,europe,unknown,,
1462,robert khan,consumer,north america,unknown,,
1461,robert khan,consumer,south america,unknown,,
1464,robert leroy,consumer,asia pacific,unknown,,
1463,robert leroy,home office,europe,unknown,,
1465,robert martinez,consumer,north america,unknown,,
1466,robert park,consumer,north america,unknown,,
1467,robert rodriguez,consumer,asia pacific,unknown,,
1468,robert rodriguez,consumer,europe,unknown,,
1469,robert russo,corporate,asia pacific,unknown,,
1470,robert sato,consumer,north america,unknown,,
1471,robert schmidt,consumer,europe,unknown,,
1472,robert sharma,consumer,asia pacific,unknown,,
1473,robert smith,home office,middle east & africa,unknown,,
1474,robert tanaka,corporate,europe,unknown,,
1476,robert taylor,home office,north america,unknown,,
1475,robert taylor,home office,south america,unknown,,
1477,robert thomas,consumer,europe,unknown,,
1478,robert thompson,corporate,asia pacific,unknown,,
1479,robert wang,home office,north america,unknown,,
1480,sakura ahmed,corporate,europe,unknown,,
1481,sakura ali,consumer,middle east & africa,unknown,,
1482,sakura chen,corporate,asia pacific,unknown,,
1483,sakura costa,consumer,north america,unknown,,
1484,sakura davis,consumer,north america,unknown,,
1485,sakura garcia,home office,europe,unknown,,
1486,sakura harris,consumer,europe,unknown,,
1487,sakura jones,corporate,middle east & africa,unknown,,
1488,sakura jones,corporate,north america,unknown,,
1489,sakura kim,consumer,europe,unknown,,
1490,sakura martin,corporate,asia pacific,unknown,,
1491,sakura martinez,home office,asia pacific,unknown,,
1492,sakura müller,corporate,europe,unknown,,
1493,sakura nilsson,corporate,middle east & africa,unknown,,
1494,sakura oliveira,consumer,europe,unknown,,
1495,sakura rodriguez,consumer,north america,unknown,,
1497,sakura rodriguez,corporate,asia pacific,unknown,,
1496,sakura rodriguez,corporate,north america,unknown,,
1498,sakura rossi,consumer,europe,unknown,,
1499,sakura smith,corporate,north america,unknown,,
1500,sakura smith,corporate,south america,unknown,,
1503,sakura thomas,consumer,europe,unknown,,
1501,sakura thomas,corporate,north america,unknown,,
1502,sakura thomas,corporate,south america,unknown,,
1504,sakura zhang,consumer,europe,unknown,,
1505,sarah brown,consumer,north america,unknown,,
1506,sarah chen,consumer,north america,unknown,,
1507,sarah clark,consumer,south america,unknown,,
1508,sarah clark,home office,europe,unknown,,
1510,sarah davis,consumer,middle east & africa,unknown,,
1509,sarah davis,home office,europe,unknown,,
1512,sarah harris,consumer,asia pacific,unknown,,
1511,sarah harris,consumer,north america,unknown,,
1513,sarah hassan,corporate,north america,unknown,,
1514,sarah jackson,corporate,middle east & africa,unknown,,
1515,sarah johansson,home office,asia pacific,unknown,,
1517,sarah johnson,consumer,europe,unknown,,
1516,sarah johnson,consumer,north america,unknown,,
1519,sarah khan,home office,europe,unknown,,
1518,sarah khan,home office,south america,unknown,,
1520,sarah kim,consumer,europe,unknown,,
1521,sarah kim,corporate,europe,unknown,,
1522,sarah leroy,corporate,north america,unknown,,
1523,sarah li,consumer,middle east & africa,unknown,,
1524,sarah miller,corporate,south america,unknown,,
1525,sarah moreau,corporate,europe,unknown,,
1526,sarah nilsson,corporate,asia pacific,unknown,,
1527,sarah patel,consumer,asia pacific,unknown,,
1529,sarah robinson,consumer,middle east & africa,unknown,,
1528,sarah robinson,home office,europe,unknown,,
1531,sarah rossi,consumer,north america,unknown,,
1530,sarah rossi,corporate,europe,unknown,,
1532,sarah santos,consumer,south america,unknown,,
1533,sarah sharma,home office,north america,unknown,,
1534,sarah smith,home office,south america,unknown,,
1535,sarah suzuki,home office,north america,unknown,,
1537,sarah tanaka,consumer,asia pacific,unknown,,
1536,sarah tanaka,corporate,asia pacific,unknown,,
1538,sarah thompson,consumer,south america,unknown,,
1539,sarah weber,home office,north america,unknown,,
1540,sarah zhang,home office,middle east & africa,unknown,,
1541,sophie ahmed,corporate,europe,unknown,,
1542,sophie brown,corporate,north america,unknown,,
1543,sophie chen,corporate,north america,unknown,,
1544,sophie chen,home office,europe,unknown,,
1546,sophie clark,consumer,europe,unknown,,
1545,sophie clark,consumer,south america,unknown,,
1547,sophie clark,home office,asia pacific,unknown,,
1549,sophie harris,consumer,asia pacific,unknown,,
1548,sophie harris,consumer,south america,unknown,,
1550,sophie jackson,consumer,asia pacific,unknown,,
1551,sophie johansson,corporate,middle east & africa,unknown,,
1552,sophie johnson,home office,europe,unknown,,
1553,sophie jones,consumer,europe,unknown,,
1554,sophie khan,consumer,middle east & africa,unknown,,
1555,sophie kim,consumer,asia pacific,unknown,,
1556,sophie leroy,consumer,south america,unknown,,
1557,sophie li,consumer,asia pacific,unknown,,
1559,sophie martin,consumer,north america,unknown,,
1558,sophie martin,corporate,north america,unknown,,
1561,sophie martinez,corporate,europe,unknown,,
1560,sophie martinez,corporate,middle east & africa,unknown,,
1562,sophie miller,home office,north america,unknown,,
1563,sophie park,consumer,north america,unknown,,
1564,sophie pereira,home office,europe,unknown,,
1565,sophie rossi,corporate,north america,unknown,,
1566,sophie sato,consumer,north america,unknown,,
1568,sophie schmidt,consumer,south america,unknown,,
1567,sophie schmidt,home office,south america,unknown,,
1569,sophie sharma,consumer,europe,unknown,,
1570,sophie tanaka,consumer,europe,unknown,,
1571,sophie weber,consumer,north america,unknown,,
1572,sophie white,corporate,europe,unknown,,
1573,sophie white,corporate,south america,unknown,,
1574,sophie williams,corporate,asia pacific,unknown,,
1575,sophie yamamoto,consumer,north america,unknown,,
1576,sophie zhang,consumer,north america,unknown,,
1577,susan ali,consumer,asia pacific,unknown,,
1578,susan chen,corporate,asia pacific,unknown,,
1579,susan garcia,corporate,south america,unknown,,
1580,susan harris,consumer,europe,unknown,,
1581,susan hassan,home office,europe,unknown,,
1582,susan jackson,corporate,europe,unknown,,
1583,susan johansson,consumer,north america,unknown,,
1584,susan kim,consumer,middle east & africa,unknown,,
1585,susan kumar,consumer,north america,unknown,,
1586,susan laurent,home office,south america,unknown,,
1587,susan leroy,consumer,asia pacific,unknown,,
1588,susan leroy,consumer,south america,unknown,,
1589,susan li,corporate,europe,unknown,,
1590,susan miller,corporate,north america,unknown,,
1591,susan patel,corporate,europe,unknown,,
1592,susan russo,home office,asia pacific,unknown,,
1593,susan schmidt,consumer,europe,unknown,,
1594,susan wang,consumer,south america,unknown,,
1596,susan weber,consumer,north america,unknown,,
1595,susan weber,corporate,europe,unknown,,
1598,susan white,corporate,asia pacific,unknown,,
1597,susan white,home office,south america,unknown,,
1599,susan yamamoto,home office,europe,unknown,,
1601,susan zhang,consumer,middle east & africa,unknown,,
1600,susan zhang,consumer,north america,unknown,,
1602,thomas brown,home office,europe,unknown,,
1603,thomas chen,consumer,europe,unknown,,
1604,thomas chen,corporate,south america,unknown,,
1605,thomas chen,home office,north america,unknown,,
1606,thomas clark,consumer,europe,unknown,,
1607,thomas costa,consumer,europe,unknown,,
1608,thomas costa,corporate,north america,unknown,,
1609,thomas ferrari,consumer,north america,unknown,,
1610,thomas hassan,corporate,middle east & africa,unknown,,
1611,thomas jackson,home office,middle east & africa,unknown,,
1612,thomas johnson,corporate,north america,unknown,,
1613,thomas laurent,home office,north america,unknown,,
1614,thomas li,consumer,north america,unknown,,
1615,thomas miller,consumer,asia pacific,unknown,,
1618,thomas oliveira,corporate,europe,unknown,,
1616,thomas oliveira,corporate,middle east & africa,unknown,,
1617,thomas oliveira,corporate,north america,unknown,,
1619,thomas patel,consumer,south america,unknown,,
1620,thomas rodriguez,consumer,north america,unknown,,
1621,thomas rodriguez,corporate,south america,unknown,,
1622,thomas santos,consumer,north america,unknown,,
1623,thomas smith,home office,north america,unknown,,
1624,thomas suzuki,corporate,middle east & africa,unknown,,
1625,thomas suzuki,corporate,north america,unknown,,
1626,thomas tanaka,consumer,asia pacific,unknown,,
1627,thomas thomas,home office,north america,unknown,,
1629,thomas thompson,consumer,asia pacific,unknown,,
1628,thomas thompson,consumer,north america,unknown,,
1630,thomas wang,home office,north america,unknown,,
1631,thomas weber,home office,middle east & africa,unknown,,
1632,thomas yamamoto,consumer,north america,unknown,,
1633,thomas zhang,home office,asia pacific,unknown,,
1634,wei ali,corporate,europe,unknown,,
1635,wei anderson,consumer,asia pacific,unknown,,
1636,wei chen,consumer,middle east & africa,unknown,,
1637,wei costa,home office,south america,unknown,,
1638,wei fischer,consumer,north america,unknown,,
1639,wei fischer,consumer,south america,unknown,,
1641,wei harris,consumer,asia pacific,unknown,,
1640,wei harris,corporate,asia pacific,unknown,,
1642,wei hassan,corporate,asia pacific,unknown,,
1643,wei johansson,corporate,asia pacific,unknown,,
1644,wei johnson,home office,asia pacific,unknown,,
1645,wei jones,home office,asia pacific,unknown,,
1646,wei khan,consumer,north america,unknown,,
1647,wei laurent,consumer,europe,unknown,,
1650,wei li,consumer,asia pacific,unknown,,
1649,wei li,corporate,north america,unknown,,
1648,wei li,corporate,south america,unknown,,
1651,wei martinez,corporate,europe,unknown,,
1653,wei moreau,consumer,europe,unknown,,
1652,wei moreau,corporate,asia pacific,unknown,,
1654,wei müller,consumer,asia pacific,unknown,,
1655,wei müller,consumer,north america,unknown,,
1656,wei müller,corporate,middle east & africa,unknown,,
1657,wei patel,consumer,asia pacific,unknown,,
1658,wei patel,corporate,south america,unknown,,
1659,wei rodriguez,consumer,asia pacific,unknown,,
1660,wei romano,consumer,middle east & africa,unknown,,
1662,wei santos,consumer,asia pacific,unknown,,
1661,wei santos,corporate,north america,unknown,,
1663,wei sato,corporate,asia pacific,unknown,,
1664,wei sharma,consumer,middle east & africa,unknown,,
1665,wei smith,home office,asia pacific,unknown,,
1666,wei suzuki,consumer,south america,unknown,,
1667,wei taylor,home office,asia pacific,unknown,,
1668,wei thompson,consumer,asia pacific,unknown,,
1669,wei thompson,consumer,north america,unknown,,
1670,wei wang,consumer,asia pacific,unknown,,
1671,wei yamamoto,corporate,europe,unknown,,
1672,wei zhang,consumer,europe,unknown,,
1673,william ahmed,home office,north america,unknown,,
1674,william ali,home office,asia pacific,unknown,,
1676,william chen,consumer,europe,unknown,,
1675,william chen,corporate,europe,unknown,,
1677,william chen,corporate,north america,unknown,,
1679,william clark,consumer,asia pacific,unknown,,
1678,william clark,corporate,north america,unknown,,
1680,william ferrari,corporate,europe,unknown,,
1681,william garcia,corporate,europe,unknown,,
1682,william hassan,corporate,middle east & africa,unknown,,
1683,william khan,corporate,europe,unknown,,
1685,william kim,consumer,asia pacific,unknown,,
1684,william kim,consumer,north america,unknown,,
1686,william martin,corporate,north america,unknown,,
1688,william martinez,consumer,europe,unknown,,
1687,william martinez,corporate,asia pacific,unknown,,
1689,william miller,corporate,asia pacific,unknown,,
1690,william moreau,consumer,north america,unknown,,
1691,william nilsson,corporate,europe,unknown,,
1692,william robinson,consumer,asia pacific,unknown,,
1693,william robinson,consumer,north america,unknown,,
1694,william rodriguez,corporate,north america,unknown,,
1695,william romano,consumer,north america,unknown,,
1696,william sato,corporate,europe,unknown,,
1697,william sharma,corporate,europe,unknown,,
1698,william smith,consumer,middle east & africa,unknown,,
1699,william wang,home office,middle east & africa,unknown,,
1700,william zhang,consumer,south america,unknown,,
1701,xiao brown,corporate,south america,unknown,,
1702,xiao davis,consumer,middle east & africa,unknown,,
1704,xiao ferrari,home office,europe,unknown,,
1703,xiao ferrari,home office,north america,unknown,,
1705,xiao harris,consumer,asia pacific,unknown,,
1706,xiao jackson,consumer,north america,unknown,,
1707,xiao johansson,home office,north america,unknown,,
1708,xiao johnson,consumer,north america,unknown,,
1709,xiao kumar,home office,asia pacific,unknown,,
1710,xiao laurent,consumer,asia pacific,unknown,,
1711,xiao martin,home office,north america,unknown,,
1713,xiao robinson,consumer,south america,unknown,,
1712,xiao robinson,corporate,north america,unknown,,
1715,xiao rodriguez,corporate,europe,unknown,,
1714,xiao rodriguez,home office,europe,unknown,,
1717,xiao romano,corporate,asia pacific,unknown,,
1716,xiao romano,corporate,north america,unknown,,
1718,xiao sharma,consumer,south america,unknown,,
1719,xiao smith,consumer,south america,unknown,,
1720,xiao taylor,corporate,middle east & africa,unknown,,
1721,xiao wang,consumer,south america,unknown,,
1722,xiao weber,home office,europe,unknown,,
1723,xiao white,corporate,europe,unknown,,
1724,yuki chen,consumer,asia pacific,unknown,,
1726,yuki costa,consumer,middle east & africa,unknown,,
1725,yuki costa,corporate,middle east & africa,unknown,,
1727,yuki ferrari,corporate,north america,unknown,,
1728,yuki johnson,corporate,europe,unknown,,
1729,yuki kim,consumer,middle east & africa,unknown,,
1730,yuki kim,corporate,north america,unknown,,
1731,yuki martin,consumer,europe,unknown,,
1732,yuki miller,consumer,asia pacific,unknown,,
1733,yuki pereira,corporate,north america,unknown,,
1734,yuki robinson,consumer,middle east & africa,unknown,,
1735,yuki rodriguez,corporate,north america,unknown,,
1736,yuki sharma,corporate,north america,unknown,,
1737,yuki suzuki,corporate,asia pacific,unknown,,
1738,yuki thomas,corporate,south america,unknown,,
1739,yuki thompson,home office,north america,unknown,,
1740,yuki zhang,consumer,north america,unknown,,
1741,zara anderson,corporate,europe,unknown,,
1742,zara brown,corporate,europe,unknown,,
1743,zara chen,corporate,europe,unknown,,
1744,zara clark,consumer,south america,unknown,,
1745,zara davis,home office,middle east & africa,unknown,,
1746,zara ferrari,consumer,north america,unknown,,
1747,zara fischer,consumer,asia pacific,unknown,,
1748,zara harris,corporate,north america,unknown,,
1749,zara hassan,consumer,north america,unknown,,
1750,zara kim,corporate,north america,unknown,,
1751,zara leroy,corporate,asia pacific,unknown,,
1753,zara miller,consumer,europe,unknown,,
1752,zara miller,consumer,south america,unknown,,
1754,zara moreau,consumer,south america,unknown,,
1755,zara müller,corporate,asia pacific,unknown,,
1756,zara nilsson,consumer,north america,unknown,,
1757,zara nilsson,corporate,asia pacific,unknown,,
1758,zara oliveira,home office,europe,unknown,,
1759,zara patel,corporate,middle east & africa,unknown,,
1760,zara rodriguez,consumer,north america,unknown,,
1761,zara rodriguez,corporate,europe,unknown,,
1762,zara smith,corporate,north america,unknown,,
1763,zara suzuki,consumer,middle east & africa,unknown,,
1764,zara suzuki,consumer,north america,unknown,,
1765,zara thomas,consumer,north america,unknown,,
1766,zara wang,corporate,asia pacific,unknown,,
1767,zara weber,consumer,asia pacific,unknown,,
1769,zara white,consumer,europe,unknown,,
1768,zara white,consumer,middle east & africa,unknown,,
1770,zara williams,consumer,europe,unknown,,
